phase,workload_segment,counter_id,worker_id,dp_rank,sum_prefill_tokens,num_prefill_requests,sum_prefill_kv_tokens,var_prefill_length,num_decode_requests,sum_decode_kv_tokens,var_decode_kv_tokens,queued_prefill_requests,queued_prefill_tokens,queued_var_prefill_length,queued_decode_requests,queued_decode_kv_tokens,queued_var_decode_kv_tokens,latency_ms
context,sweep,14,9242928653772033172,0,128,1,0,0.000,0,0,0.000,0,0,0.000,0,0,0.000,3061.172
context,sweep,16,9242928653772033172,0,4096,1,0,0.000,0,0,0.000,0,0,0.000,0,0,0.000,188.916
context,sweep,17,9242928653772033172,0,1024,1,0,0.000,0,0,0.000,0,0,0.000,0,0,0.000,77.656
context,sweep,18,9242928653772033172,0,4096,1,0,0.000,0,0,0.000,0,0,0.000,0,0,0.000,114.641
context,sweep,19,9242928653772033172,0,128,1,0,0.000,0,0,0.000,0,0,0.000,0,0,0.000,33.723
context,sweep,20,9242928653772033172,0,4096,1,0,0.000,0,0,0.000,0,0,0.000,0,0,0.000,122.367
context,sweep,22,9242928653772033172,0,4096,1,0,0.000,0,0,0.000,0,0,0.000,0,0,0.000,111.222
context,sweep,23,9242928653772033172,0,4096,1,0,0.000,0,0,0.000,0,0,0.000,0,0,0.000,122.820
context,sweep,24,9242928653772033172,0,128,1,0,0.000,0,0,0.000,0,0,0.000,0,0,0.000,33.659
context,sweep,25,9242928653772033172,0,4096,1,0,0.000,0,0,0.000,0,0,0.000,0,0,0.000,122.752
context,sweep,31,9242928653772033172,0,4096,1,0,0.000,0,0,0.000,0,0,0.000,0,0,0.000,113.337
decode,sweep,32,9242928653772033172,0,0,0,0,0.000,1,4096,0.000,0,0,0.000,0,0,0.000,199.646
decode,sweep,33,9242928653772033172,0,0,0,0,0.000,1,4097,0.000,0,0,0.000,0,0,0.000,10.003
decode,sweep,34,9242928653772033172,0,0,0,0,0.000,1,4098,0.000,0,0,0.000,0,0,0.000,10.093
decode,sweep,35,9242928653772033172,0,0,0,0,0.000,1,4099,0.000,0,0,0.000,0,0,0.000,10.132
decode,sweep,36,9242928653772033172,0,0,0,0,0.000,1,4100,0.000,0,0,0.000,0,0,0.000,10.031
decode,sweep,37,9242928653772033172,0,0,0,0,0.000,1,4101,0.000,0,0,0.000,0,0,0.000,10.073
decode,sweep,38,9242928653772033172,0,0,0,0,0.000,1,4102,0.000,0,0,0.000,0,0,0.000,10.154
context,sweep,44,9242928653772033172,0,4096,1,0,0.000,0,0,0.000,0,0,0.000,0,0,0.000,113.347
decode,sweep,46,9242928653772033172,0,0,0,0,0.000,1,4096,0.000,0,0,0.000,0,0,0.000,1490.368
decode,sweep,47,9242928653772033172,0,0,0,0,0.000,1,4097,0.000,0,0,0.000,0,0,0.000,271.659
decode,sweep,48,9242928653772033172,0,0,0,0,0.000,1,4098,0.000,0,0,0.000,0,0,0.000,9.801
decode,sweep,49,9242928653772033172,0,0,0,0,0.000,1,4099,0.000,0,0,0.000,0,0,0.000,10.049
decode,sweep,50,9242928653772033172,0,0,0,0,0.000,1,4100,0.000,0,0,0.000,0,0,0.000,10.094
decode,sweep,51,9242928653772033172,0,0,0,0,0.000,1,4101,0.000,0,0,0.000,0,0,0.000,10.037
decode,sweep,52,9242928653772033172,0,0,0,0,0.000,1,4102,0.000,0,0,0.000,0,0,0.000,10.257
context,sweep,59,9242928653772033172,0,4096,1,0,0.000,0,0,0.000,0,0,0.000,0,0,0.000,113.320
decode,sweep,60,9242928653772033172,0,0,0,0,0.000,1,4096,0.000,1,4096,0.000,0,0,0.000,377.549
mixed,sweep,61,9242928653772033172,0,8191,2,0,0.000,1,4097,0.000,0,0,0.000,0,0,0.000,632.207
mixed,sweep,62,9242928653772033172,0,4097,2,4095,0.000,2,8194,1.000,0,0,0.000,0,0,0.000,245.615
decode,sweep,63,9242928653772033172,0,0,0,0,0.000,4,16388,1.500,0,0,0.000,0,0,0.000,11.053
decode,sweep,64,9242928653772033172,0,0,0,0,0.000,4,16392,1.500,0,0,0.000,0,0,0.000,11.110
decode,sweep,65,9242928653772033172,0,0,0,0,0.000,4,16396,1.500,0,0,0.000,0,0,0.000,11.146
decode,sweep,66,9242928653772033172,0,0,0,0,0.000,4,16400,1.500,0,0,0.000,0,0,0.000,11.328
decode,sweep,67,9242928653772033172,0,0,0,0,0.000,3,12301,0.222,0,0,0.000,0,0,0.000,11.222
decode,sweep,68,9242928653772033172,0,0,0,0,0.000,3,12304,0.222,0,0,0.000,0,0,0.000,11.559
decode,sweep,69,9242928653772033172,0,0,0,0,0.000,2,8204,0.000,0,0,0.000,0,0,0.000,10.906
context,sweep,75,9242928653772033172,0,4096,1,0,0.000,0,0,0.000,0,0,0.000,0,0,0.000,112.798
decode,sweep,76,9242928653772033172,0,0,0,0,0.000,1,4096,0.000,0,0,0.000,0,0,0.000,9.976
decode,sweep,77,9242928653772033172,0,0,0,0,0.000,1,4097,0.000,0,0,0.000,0,0,0.000,10.048
decode,sweep,78,9242928653772033172,0,0,0,0,0.000,1,4098,0.000,0,0,0.000,0,0,0.000,10.066
decode,sweep,79,9242928653772033172,0,0,0,0,0.000,1,4099,0.000,0,0,0.000,0,0,0.000,10.147
decode,sweep,80,9242928653772033172,0,0,0,0,0.000,1,4100,0.000,0,0,0.000,0,0,0.000,10.077
decode,sweep,81,9242928653772033172,0,0,0,0,0.000,1,4101,0.000,0,0,0.000,0,0,0.000,10.047
decode,sweep,82,9242928653772033172,0,0,0,0,0.000,1,4102,0.000,0,0,0.000,0,0,0.000,10.159
context,sweep,88,9242928653772033172,0,4096,1,0,0.000,0,0,0.000,0,0,0.000,0,0,0.000,116.700
decode,sweep,89,9242928653772033172,0,0,0,0,0.000,1,4096,0.000,0,0,0.000,0,0,0.000,134.472
decode,sweep,90,9242928653772033172,0,0,0,0,0.000,1,4097,0.000,0,0,0.000,0,0,0.000,9.933
decode,sweep,91,9242928653772033172,0,0,0,0,0.000,1,4098,0.000,0,0,0.000,0,0,0.000,9.955
decode,sweep,92,9242928653772033172,0,0,0,0,0.000,1,4099,0.000,0,0,0.000,0,0,0.000,9.878
decode,sweep,93,9242928653772033172,0,0,0,0,0.000,1,4100,0.000,0,0,0.000,0,0,0.000,10.084
decode,sweep,94,9242928653772033172,0,0,0,0,0.000,1,4101,0.000,0,0,0.000,0,0,0.000,10.002
decode,sweep,95,9242928653772033172,0,0,0,0,0.000,1,4102,0.000,0,0,0.000,0,0,0.000,10.191
context,sweep,102,9242928653772033172,0,4096,1,0,0.000,0,0,0.000,0,0,0.000,0,0,0.000,113.565
decode,sweep,103,9242928653772033172,0,0,0,0,0.000,1,4096,0.000,1,4096,0.000,0,0,0.000,238.191
mixed,sweep,104,9242928653772033172,0,8191,2,0,0.000,1,4097,0.000,0,0,0.000,0,0,0.000,257.975
mixed,sweep,105,9242928653772033172,0,4097,2,4095,0.000,2,8194,1.000,0,0,0.000,0,0,0.000,108.862
decode,sweep,106,9242928653772033172,0,0,0,0,0.000,4,16388,1.500,0,0,0.000,0,0,0.000,11.060
decode,sweep,107,9242928653772033172,0,0,0,0,0.000,4,16392,1.500,0,0,0.000,0,0,0.000,11.020
decode,sweep,108,9242928653772033172,0,0,0,0,0.000,4,16396,1.500,0,0,0.000,0,0,0.000,11.116
decode,sweep,109,9242928653772033172,0,0,0,0,0.000,4,16400,1.500,0,0,0.000,0,0,0.000,11.276
decode,sweep,110,9242928653772033172,0,0,0,0,0.000,3,12301,0.222,0,0,0.000,0,0,0.000,11.137
decode,sweep,111,9242928653772033172,0,0,0,0,0.000,3,12304,0.222,0,0,0.000,0,0,0.000,11.641
decode,sweep,112,9242928653772033172,0,0,0,0,0.000,2,8204,0.000,0,0,0.000,0,0,0.000,10.865
context,sweep,118,9242928653772033172,0,4096,1,0,0.000,0,0,0.000,0,0,0.000,0,0,0.000,111.595
decode,sweep,119,9242928653772033172,0,0,0,0,0.000,1,4096,0.000,0,0,0.000,0,0,0.000,9.979
decode,sweep,120,9242928653772033172,0,0,0,0,0.000,1,4097,0.000,0,0,0.000,0,0,0.000,10.017
decode,sweep,121,9242928653772033172,0,0,0,0,0.000,1,4098,0.000,0,0,0.000,0,0,0.000,10.061
decode,sweep,122,9242928653772033172,0,0,0,0,0.000,1,4099,0.000,0,0,0.000,0,0,0.000,10.128
decode,sweep,123,9242928653772033172,0,0,0,0,0.000,1,4100,0.000,0,0,0.000,0,0,0.000,10.026
decode,sweep,124,9242928653772033172,0,0,0,0,0.000,1,4101,0.000,0,0,0.000,0,0,0.000,10.046
decode,sweep,125,9242928653772033172,0,0,0,0,0.000,1,4102,0.000,0,0,0.000,0,0,0.000,10.075
context,sweep,131,9242928653772033172,0,4096,1,0,0.000,0,0,0.000,0,0,0.000,0,0,0.000,113.406
decode,sweep,132,9242928653772033172,0,0,0,0,0.000,1,4096,0.000,0,0,0.000,0,0,0.000,134.580
decode,sweep,133,9242928653772033172,0,0,0,0,0.000,1,4097,0.000,0,0,0.000,0,0,0.000,10.244
decode,sweep,134,9242928653772033172,0,0,0,0,0.000,1,4098,0.000,0,0,0.000,0,0,0.000,9.935
decode,sweep,135,9242928653772033172,0,0,0,0,0.000,1,4099,0.000,0,0,0.000,0,0,0.000,10.139
decode,sweep,136,9242928653772033172,0,0,0,0,0.000,1,4100,0.000,0,0,0.000,0,0,0.000,10.070
decode,sweep,137,9242928653772033172,0,0,0,0,0.000,1,4101,0.000,0,0,0.000,0,0,0.000,10.099
decode,sweep,138,9242928653772033172,0,0,0,0,0.000,1,4102,0.000,0,0,0.000,0,0,0.000,10.144
context,sweep,145,9242928653772033172,0,4096,1,0,0.000,0,0,0.000,0,0,0.000,0,0,0.000,112.950
decode,sweep,146,9242928653772033172,0,0,0,0,0.000,1,4096,0.000,1,4096,0.000,0,0,0.000,238.138
mixed,sweep,147,9242928653772033172,0,8191,2,0,0.000,1,4097,0.000,0,0,0.000,0,0,0.000,257.798
mixed,sweep,148,9242928653772033172,0,4097,2,4095,0.000,2,8194,1.000,0,0,0.000,0,0,0.000,108.854
decode,sweep,149,9242928653772033172,0,0,0,0,0.000,4,16388,1.500,0,0,0.000,0,0,0.000,11.156
decode,sweep,150,9242928653772033172,0,0,0,0,0.000,4,16392,1.500,0,0,0.000,0,0,0.000,11.235
decode,sweep,151,9242928653772033172,0,0,0,0,0.000,4,16396,1.500,0,0,0.000,0,0,0.000,11.226
decode,sweep,152,9242928653772033172,0,0,0,0,0.000,4,16400,1.500,0,0,0.000,0,0,0.000,11.485
decode,sweep,153,9242928653772033172,0,0,0,0,0.000,3,12301,0.222,0,0,0.000,0,0,0.000,11.453
decode,sweep,154,9242928653772033172,0,0,0,0,0.000,3,12304,0.222,0,0,0.000,0,0,0.000,11.721
decode,sweep,155,9242928653772033172,0,0,0,0,0.000,2,8204,0.000,0,0,0.000,0,0,0.000,10.906
context,sweep,161,9242928653772033172,0,4096,1,0,0.000,0,0,0.000,0,0,0.000,0,0,0.000,112.700
decode,sweep,162,9242928653772033172,0,0,0,0,0.000,1,4096,0.000,0,0,0.000,0,0,0.000,9.997
decode,sweep,163,9242928653772033172,0,0,0,0,0.000,1,4097,0.000,0,0,0.000,0,0,0.000,9.993
decode,sweep,164,9242928653772033172,0,0,0,0,0.000,1,4098,0.000,0,0,0.000,0,0,0.000,10.036
decode,sweep,165,9242928653772033172,0,0,0,0,0.000,1,4099,0.000,0,0,0.000,0,0,0.000,10.123
decode,sweep,166,9242928653772033172,0,0,0,0,0.000,1,4100,0.000,0,0,0.000,0,0,0.000,10.035
decode,sweep,167,9242928653772033172,0,0,0,0,0.000,1,4101,0.000,0,0,0.000,0,0,0.000,10.056
decode,sweep,168,9242928653772033172,0,0,0,0,0.000,1,4102,0.000,0,0,0.000,0,0,0.000,10.095
context,sweep,174,9242928653772033172,0,4096,1,0,0.000,0,0,0.000,0,0,0.000,0,0,0.000,149.869
decode,sweep,175,9242928653772033172,0,0,0,0,0.000,1,4096,0.000,0,0,0.000,0,0,0.000,9.919
decode,sweep,176,9242928653772033172,0,0,0,0,0.000,1,4097,0.000,0,0,0.000,0,0,0.000,9.827
decode,sweep,177,9242928653772033172,0,0,0,0,0.000,1,4098,0.000,0,0,0.000,0,0,0.000,9.779
decode,sweep,178,9242928653772033172,0,0,0,0,0.000,1,4099,0.000,0,0,0.000,0,0,0.000,10.103
decode,sweep,179,9242928653772033172,0,0,0,0,0.000,1,4100,0.000,0,0,0.000,0,0,0.000,9.983
decode,sweep,180,9242928653772033172,0,0,0,0,0.000,1,4101,0.000,0,0,0.000,0,0,0.000,10.026
decode,sweep,181,9242928653772033172,0,0,0,0,0.000,1,4102,0.000,0,0,0.000,0,0,0.000,10.068
context,sweep,188,9242928653772033172,0,4096,1,0,0.000,0,0,0.000,0,0,0.000,0,0,0.000,118.954
decode,sweep,189,9242928653772033172,0,0,0,0,0.000,1,4096,0.000,1,4096,0.000,0,0,0.000,238.177
mixed,sweep,190,9242928653772033172,0,8191,2,0,0.000,1,4097,0.000,0,0,0.000,0,0,0.000,252.393
mixed,sweep,191,9242928653772033172,0,4097,2,4095,0.000,2,8194,1.000,0,0,0.000,0,0,0.000,126.874
decode,sweep,192,9242928653772033172,0,0,0,0,0.000,4,16388,1.500,0,0,0.000,0,0,0.000,13.306
decode,sweep,193,9242928653772033172,0,0,0,0,0.000,4,16392,1.500,0,0,0.000,0,0,0.000,13.655
decode,sweep,194,9242928653772033172,0,0,0,0,0.000,4,16396,1.500,0,0,0.000,0,0,0.000,13.168
decode,sweep,195,9242928653772033172,0,0,0,0,0.000,4,16400,1.500,0,0,0.000,0,0,0.000,13.565
decode,sweep,196,9242928653772033172,0,0,0,0,0.000,3,12301,0.222,0,0,0.000,0,0,0.000,13.357
decode,sweep,197,9242928653772033172,0,0,0,0,0.000,3,12304,0.222,0,0,0.000,0,0,0.000,11.713
decode,sweep,198,9242928653772033172,0,0,0,0,0.000,2,8204,0.000,0,0,0.000,0,0,0.000,12.581
context,sweep,204,9242928653772033172,0,4096,1,0,0.000,0,0,0.000,0,0,0.000,0,0,0.000,111.879
decode,sweep,205,9242928653772033172,0,0,0,0,0.000,1,4096,0.000,0,0,0.000,0,0,0.000,9.917
decode,sweep,206,9242928653772033172,0,0,0,0,0.000,1,4097,0.000,0,0,0.000,0,0,0.000,10.000
decode,sweep,207,9242928653772033172,0,0,0,0,0.000,1,4098,0.000,0,0,0.000,0,0,0.000,10.055
decode,sweep,208,9242928653772033172,0,0,0,0,0.000,1,4099,0.000,0,0,0.000,0,0,0.000,10.111
decode,sweep,209,9242928653772033172,0,0,0,0,0.000,1,4100,0.000,0,0,0.000,0,0,0.000,10.009
decode,sweep,210,9242928653772033172,0,0,0,0,0.000,1,4101,0.000,0,0,0.000,0,0,0.000,10.085
decode,sweep,211,9242928653772033172,0,0,0,0,0.000,1,4102,0.000,0,0,0.000,0,0,0.000,10.085
context,sweep,217,9242928653772033172,0,4096,1,0,0.000,0,0,0.000,0,0,0.000,0,0,0.000,112.102
decode,sweep,218,9242928653772033172,0,0,0,0,0.000,1,4096,0.000,0,0,0.000,0,0,0.000,134.492
decode,sweep,219,9242928653772033172,0,0,0,0,0.000,1,4097,0.000,0,0,0.000,0,0,0.000,10.263
decode,sweep,220,9242928653772033172,0,0,0,0,0.000,1,4098,0.000,0,0,0.000,0,0,0.000,10.089
decode,sweep,221,9242928653772033172,0,0,0,0,0.000,1,4099,0.000,0,0,0.000,0,0,0.000,10.055
decode,sweep,222,9242928653772033172,0,0,0,0,0.000,1,4100,0.000,0,0,0.000,0,0,0.000,10.095
decode,sweep,223,9242928653772033172,0,0,0,0,0.000,1,4101,0.000,0,0,0.000,0,0,0.000,10.067
decode,sweep,224,9242928653772033172,0,0,0,0,0.000,1,4102,0.000,0,0,0.000,0,0,0.000,10.180
context,sweep,231,9242928653772033172,0,4096,1,0,0.000,0,0,0.000,0,0,0.000,0,0,0.000,114.306
decode,sweep,232,9242928653772033172,0,0,0,0,0.000,1,4096,0.000,1,4096,0.000,0,0,0.000,237.981
mixed,sweep,233,9242928653772033172,0,8191,2,0,0.000,1,4097,0.000,0,0,0.000,0,0,0.000,257.976
mixed,sweep,234,9242928653772033172,0,4097,2,4095,0.000,2,8194,1.000,0,0,0.000,0,0,0.000,109.072
decode,sweep,235,9242928653772033172,0,0,0,0,0.000,4,16388,1.500,0,0,0.000,0,0,0.000,10.998
decode,sweep,236,9242928653772033172,0,0,0,0,0.000,4,16392,1.500,0,0,0.000,0,0,0.000,10.972
decode,sweep,237,9242928653772033172,0,0,0,0,0.000,4,16396,1.500,0,0,0.000,0,0,0.000,11.045
decode,sweep,238,9242928653772033172,0,0,0,0,0.000,4,16400,1.500,0,0,0.000,0,0,0.000,11.231
decode,sweep,239,9242928653772033172,0,0,0,0,0.000,3,12301,0.222,0,0,0.000,0,0,0.000,11.013
decode,sweep,240,9242928653772033172,0,0,0,0,0.000,3,12304,0.222,0,0,0.000,0,0,0.000,11.486
decode,sweep,241,9242928653772033172,0,0,0,0,0.000,2,8204,0.000,0,0,0.000,0,0,0.000,10.877
context,sweep,247,9242928653772033172,0,4096,1,0,0.000,0,0,0.000,0,0,0.000,0,0,0.000,113.603
decode,sweep,248,9242928653772033172,0,0,0,0,0.000,1,4096,0.000,0,0,0.000,0,0,0.000,10.018
decode,sweep,249,9242928653772033172,0,0,0,0,0.000,1,4097,0.000,0,0,0.000,0,0,0.000,9.977
decode,sweep,250,9242928653772033172,0,0,0,0,0.000,1,4098,0.000,0,0,0.000,0,0,0.000,10.012
decode,sweep,251,9242928653772033172,0,0,0,0,0.000,1,4099,0.000,0,0,0.000,0,0,0.000,10.067
decode,sweep,252,9242928653772033172,0,0,0,0,0.000,1,4100,0.000,0,0,0.000,0,0,0.000,9.981
decode,sweep,253,9242928653772033172,0,0,0,0,0.000,1,4101,0.000,0,0,0.000,0,0,0.000,10.023
decode,sweep,254,9242928653772033172,0,0,0,0,0.000,1,4102,0.000,0,0,0.000,0,0,0.000,10.085
context,sweep,260,9242928653772033172,0,4096,1,0,0.000,0,0,0.000,0,0,0.000,0,0,0.000,113.703
decode,sweep,261,9242928653772033172,0,0,0,0,0.000,1,4096,0.000,0,0,0.000,0,0,0.000,134.623
decode,sweep,262,9242928653772033172,0,0,0,0,0.000,1,4097,0.000,0,0,0.000,0,0,0.000,10.189
decode,sweep,263,9242928653772033172,0,0,0,0,0.000,1,4098,0.000,0,0,0.000,0,0,0.000,9.927
decode,sweep,264,9242928653772033172,0,0,0,0,0.000,1,4099,0.000,0,0,0.000,0,0,0.000,9.982
decode,sweep,265,9242928653772033172,0,0,0,0,0.000,1,4100,0.000,0,0,0.000,0,0,0.000,10.105
decode,sweep,266,9242928653772033172,0,0,0,0,0.000,1,4101,0.000,0,0,0.000,0,0,0.000,9.967
decode,sweep,267,9242928653772033172,0,0,0,0,0.000,1,4102,0.000,0,0,0.000,0,0,0.000,10.091
context,sweep,274,9242928653772033172,0,4096,1,0,0.000,0,0,0.000,0,0,0.000,0,0,0.000,113.835
decode,sweep,275,9242928653772033172,0,0,0,0,0.000,1,4096,0.000,1,4096,0.000,0,0,0.000,238.159
mixed,sweep,276,9242928653772033172,0,8191,2,0,0.000,1,4097,0.000,0,0,0.000,0,0,0.000,249.586
mixed,sweep,277,9242928653772033172,0,4097,2,4095,0.000,2,8194,1.000,0,0,0.000,0,0,0.000,124.017
decode,sweep,278,9242928653772033172,0,0,0,0,0.000,4,16388,1.500,0,0,0.000,0,0,0.000,13.213
decode,sweep,279,9242928653772033172,0,0,0,0,0.000,4,16392,1.500,0,0,0.000,0,0,0.000,13.439
decode,sweep,280,9242928653772033172,0,0,0,0,0.000,4,16396,1.500,0,0,0.000,0,0,0.000,13.568
decode,sweep,281,9242928653772033172,0,0,0,0,0.000,4,16400,1.500,0,0,0.000,0,0,0.000,13.486
decode,sweep,282,9242928653772033172,0,0,0,0,0.000,3,12301,0.222,0,0,0.000,0,0,0.000,13.417
decode,sweep,283,9242928653772033172,0,0,0,0,0.000,3,12304,0.222,0,0,0.000,0,0,0.000,11.710
decode,sweep,284,9242928653772033172,0,0,0,0,0.000,2,8204,0.000,0,0,0.000,0,0,0.000,12.803
context,sweep,286,9242928653772033172,0,4096,1,0,0.000,0,0,0.000,0,0,0.000,0,0,0.000,110.475
decode,sweep,287,9242928653772033172,0,0,0,0,0.000,1,4096,0.000,0,0,0.000,0,0,0.000,10.124
decode,sweep,288,9242928653772033172,0,0,0,0,0.000,1,4097,0.000,0,0,0.000,0,0,0.000,9.890
context,sweep,293,9242928653772033172,0,256,1,3840,0.000,0,0,0.000,0,0,0.000,0,0,0.000,34.414
decode,sweep,294,9242928653772033172,0,0,0,0,0.000,1,4096,0.000,0,0,0.000,0,0,0.000,10.247
decode,sweep,295,9242928653772033172,0,0,0,0,0.000,1,4097,0.000,0,0,0.000,0,0,0.000,9.944
context,sweep,302,9242928653772033172,0,256,1,3840,0.000,0,0,0.000,0,0,0.000,0,0,0.000,33.885
decode,sweep,303,9242928653772033172,0,0,0,0,0.000,1,4096,0.000,0,0,0.000,0,0,0.000,10.080
decode,sweep,304,9242928653772033172,0,0,0,0,0.000,1,4097,0.000,0,0,0.000,0,0,0.000,9.902
context,sweep,311,9242928653772033172,0,2048,1,0,0.000,0,0,0.000,0,0,0.000,0,0,0.000,147.509
decode,sweep,312,9242928653772033172,0,0,0,0,0.000,1,2048,0.000,4,7168,1769472.000,0,0,0.000,269.212
mixed,sweep,313,9242928653772033172,0,8191,3,0,2097152.000,1,2049,0.000,0,0,0.000,0,0,0.000,258.735
mixed,sweep,314,9242928653772033172,0,8189,5,3071,2264924.160,3,7170,1630664.000,0,0,0.000,0,0,0.000,216.994
mixed,sweep,315,9242928653772033172,0,4,1,1020,0.000,7,17413,2054019.673,0,0,0.000,0,0,0.000,39.969
decode,sweep,316,9242928653772033172,0,0,0,0,0.000,8,18444,2031873.250,0,0,0.000,0,0,0.000,16.609
decode,sweep,317,9242928653772033172,0,0,0,0,0.000,8,18452,2031873.250,0,0,0.000,0,0,0.000,14.542
decode,sweep,318,9242928653772033172,0,0,0,0,0.000,8,18460,2031873.250,0,0,0.000,0,0,0.000,14.607
decode,sweep,319,9242928653772033172,0,0,0,0,0.000,8,18468,2031873.250,0,0,0.000,0,0,0.000,14.631
decode,sweep,320,9242928653772033172,0,0,0,0,0.000,8,18476,2031873.250,0,0,0.000,0,0,0.000,14.658
decode,sweep,321,9242928653772033172,0,0,0,0,0.000,8,18484,2031873.250,0,0,0.000,0,0,0.000,14.662
decode,sweep,322,9242928653772033172,0,0,0,0,0.000,8,18492,2031873.250,0,0,0.000,0,0,0.000,14.746
decode,sweep,323,9242928653772033172,0,0,0,0,0.000,8,18500,2031873.250,0,0,0.000,0,0,0.000,14.646
decode,sweep,324,9242928653772033172,0,0,0,0,0.000,8,18508,2031873.250,0,0,0.000,0,0,0.000,14.767
decode,sweep,325,9242928653772033172,0,0,0,0,0.000,8,18516,2031873.250,0,0,0.000,0,0,0.000,14.807
decode,sweep,326,9242928653772033172,0,0,0,0,0.000,8,18524,2031873.250,0,0,0.000,0,0,0.000,14.778
decode,sweep,327,9242928653772033172,0,0,0,0,0.000,8,18532,2031873.250,0,0,0.000,0,0,0.000,14.641
decode,sweep,328,9242928653772033172,0,0,0,0,0.000,8,18540,2031873.250,0,0,0.000,0,0,0.000,14.818
decode,sweep,329,9242928653772033172,0,0,0,0,0.000,8,18548,2031873.250,0,0,0.000,0,0,0.000,14.822
decode,sweep,330,9242928653772033172,0,0,0,0,0.000,8,18556,2031873.250,0,0,0.000,0,0,0.000,14.863
decode,sweep,331,9242928653772033172,0,0,0,0,0.000,8,18564,2031873.250,0,0,0.000,0,0,0.000,14.890
decode,sweep,332,9242928653772033172,0,0,0,0,0.000,8,18572,2031873.250,0,0,0.000,0,0,0.000,14.864
decode,sweep,333,9242928653772033172,0,0,0,0,0.000,8,18580,2031873.250,0,0,0.000,0,0,0.000,14.939
decode,sweep,334,9242928653772033172,0,0,0,0,0.000,8,18588,2031873.250,0,0,0.000,0,0,0.000,14.917
decode,sweep,335,9242928653772033172,0,0,0,0,0.000,8,18596,2031873.250,0,0,0.000,0,0,0.000,14.783
decode,sweep,336,9242928653772033172,0,0,0,0,0.000,8,18604,2031873.250,0,0,0.000,0,0,0.000,14.840
decode,sweep,337,9242928653772033172,0,0,0,0,0.000,8,18612,2031873.250,0,0,0.000,0,0,0.000,14.922
decode,sweep,338,9242928653772033172,0,0,0,0,0.000,8,18620,2031873.250,0,0,0.000,0,0,0.000,14.873
decode,sweep,339,9242928653772033172,0,0,0,0,0.000,8,18628,2031873.250,0,0,0.000,0,0,0.000,14.877
decode,sweep,340,9242928653772033172,0,0,0,0,0.000,8,18636,2031873.250,0,0,0.000,0,0,0.000,14.896
decode,sweep,341,9242928653772033172,0,0,0,0,0.000,8,18644,2031873.250,0,0,0.000,0,0,0.000,14.866
decode,sweep,342,9242928653772033172,0,0,0,0,0.000,8,18652,2031873.250,0,0,0.000,0,0,0.000,14.950
decode,sweep,343,9242928653772033172,0,0,0,0,0.000,7,16581,2311649.061,0,0,0.000,0,0,0.000,14.849
decode,sweep,344,9242928653772033172,0,0,0,0,0.000,7,16588,2311649.061,0,0,0.000,0,0,0.000,13.524
decode,sweep,345,9242928653772033172,0,0,0,0,0.000,5,11413,2265415.840,0,0,0.000,0,0,0.000,107.842
mixed,sweep,346,9242928653772033172,0,6144,3,0,2097152.000,1,1054,0.000,0,0,0.000,0,0,0.000,320.591
mixed,sweep,347,9242928653772033172,0,3072,2,0,262144.000,3,6144,2097152.000,0,0,0.000,0,0,0.000,297.610
mixed,sweep,348,9242928653772033172,0,6144,2,0,1048576.000,5,9219,1426309.360,0,0,0.000,0,0,0.000,294.894
decode,sweep,349,9242928653772033172,0,0,0,0,0.000,7,15368,1625736.531,0,0,0.000,0,0,0.000,169.435
decode,sweep,350,9242928653772033172,0,0,0,0,0.000,7,15375,1625736.531,0,0,0.000,0,0,0.000,17.989
decode,sweep,351,9242928653772033172,0,0,0,0,0.000,7,15382,1625736.531,0,0,0.000,0,0,0.000,14.578
decode,sweep,352,9242928653772033172,0,0,0,0,0.000,7,15389,1625736.531,0,0,0.000,0,0,0.000,14.643
decode,sweep,353,9242928653772033172,0,0,0,0,0.000,7,15396,1625736.531,0,0,0.000,0,0,0.000,14.721
decode,sweep,354,9242928653772033172,0,0,0,0,0.000,7,15403,1625736.531,0,0,0.000,0,0,0.000,14.809
decode,sweep,355,9242928653772033172,0,0,0,0,0.000,7,15410,1625736.531,0,0,0.000,0,0,0.000,14.860
decode,sweep,356,9242928653772033172,0,0,0,0,0.000,7,15417,1625736.531,0,0,0.000,0,0,0.000,14.910
decode,sweep,357,9242928653772033172,0,0,0,0,0.000,7,15424,1625736.531,0,0,0.000,0,0,0.000,14.768
decode,sweep,358,9242928653772033172,0,0,0,0,0.000,7,15431,1625736.531,0,0,0.000,0,0,0.000,14.851
decode,sweep,359,9242928653772033172,0,0,0,0,0.000,7,15438,1625736.531,0,0,0.000,0,0,0.000,14.863
decode,sweep,360,9242928653772033172,0,0,0,0,0.000,7,15445,1625736.531,0,0,0.000,0,0,0.000,14.888
decode,sweep,361,9242928653772033172,0,0,0,0,0.000,7,15452,1625736.531,0,0,0.000,0,0,0.000,14.859
decode,sweep,362,9242928653772033172,0,0,0,0,0.000,7,15459,1625736.531,0,0,0.000,0,0,0.000,15.005
decode,sweep,363,9242928653772033172,0,0,0,0,0.000,7,15466,1625736.531,0,0,0.000,0,0,0.000,14.972
decode,sweep,364,9242928653772033172,0,0,0,0,0.000,7,15473,1625736.531,0,0,0.000,0,0,0.000,14.985
decode,sweep,365,9242928653772033172,0,0,0,0,0.000,7,15480,1625736.531,0,0,0.000,0,0,0.000,14.944
decode,sweep,366,9242928653772033172,0,0,0,0,0.000,7,15487,1625736.531,0,0,0.000,0,0,0.000,14.996
decode,sweep,367,9242928653772033172,0,0,0,0,0.000,7,15494,1625736.531,0,0,0.000,0,0,0.000,15.123
decode,sweep,368,9242928653772033172,0,0,0,0,0.000,7,15501,1625736.531,0,0,0.000,0,0,0.000,14.984
decode,sweep,369,9242928653772033172,0,0,0,0,0.000,7,15508,1625736.531,0,0,0.000,0,0,0.000,15.029
decode,sweep,370,9242928653772033172,0,0,0,0,0.000,7,15515,1625736.531,0,0,0.000,0,0,0.000,15.096
decode,sweep,371,9242928653772033172,0,0,0,0,0.000,7,15522,1625736.531,0,0,0.000,0,0,0.000,15.095
decode,sweep,372,9242928653772033172,0,0,0,0,0.000,7,15529,1625736.531,0,0,0.000,0,0,0.000,15.120
decode,sweep,373,9242928653772033172,0,0,0,0,0.000,7,15536,1625736.531,0,0,0.000,0,0,0.000,15.027
decode,sweep,374,9242928653772033172,0,0,0,0,0.000,7,15543,1625736.531,0,0,0.000,0,0,0.000,15.083
decode,sweep,375,9242928653772033172,0,0,0,0,0.000,7,15550,1625736.531,0,0,0.000,0,0,0.000,15.080
decode,sweep,376,9242928653772033172,0,0,0,0,0.000,7,15557,1625736.531,0,0,0.000,0,0,0.000,14.951
decode,sweep,377,9242928653772033172,0,0,0,0,0.000,7,15564,1625736.531,0,0,0.000,0,0,0.000,13.520
decode,sweep,378,9242928653772033172,0,0,0,0,0.000,4,9334,1244416.250,0,0,0.000,0,0,0.000,13.499
decode,sweep,379,9242928653772033172,0,0,0,0,0.000,2,6204,1048576.000,0,0,0.000,0,0,0.000,11.653
